Method,Input,Error,Timestamp
checkIfParsablePython,{'file': 'invalid_script.py'},"'(' was never closed (<unknown>, line 1)",2024-12-05 22:30:08
checkIfParsablePython,{'file': 'non_existent_file.py'},[Errno 2] No such file or directory: 'non_existent_file.py',2024-12-05 22:30:08
checkIfParsablePython,{'file': None},"expected str, bytes or os.PathLike object, not NoneType",2024-12-05 22:30:08
checkIfParsablePython,{'file': ''},[Errno 2] No such file or directory: '',2024-12-05 22:30:08
str.join,"{'list': ['u[NJr', 'Sur/E', None, '0.;WX', 'M^sUV'], 'separator': '-'}","sequence item 2: expected str instance, NoneType found",2024-12-05 22:30:08
dict.update,"{'dict': {'b7],L': 68, 'Pfjw?': 5, 'c|MY6': 64, '~6o0U': 25, 'Kh{nG': 17}, 'updates': None}",'NoneType' object is not iterable,2024-12-05 22:30:08
checkIfParsablePython,{'file': 'invalid_script.py'},"'(' was never closed (<unknown>, line 1)",2024-12-05 22:30:08
checkIfParsablePython,{'file': 'non_existent_file.py'},[Errno 2] No such file or directory: 'non_existent_file.py',2024-12-05 22:30:08
checkIfParsablePython,{'file': None},"expected str, bytes or os.PathLike object, not NoneType",2024-12-05 22:30:08
checkIfParsablePython,{'file': ''},[Errno 2] No such file or directory: '',2024-12-05 22:30:08
str.join,"{'list': ['gVKzl', 'FKnX#', 123, ']!uv3', None], 'separator': ' '}","sequence item 2: expected str instance, int found",2024-12-05 22:30:08
list.pop,"{'list': [], 'index': None}",'NoneType' object cannot be interpreted as an integer,2024-12-05 22:30:08
checkIfParsablePython,{'file': 'invalid_script.py'},"'(' was never closed (<unknown>, line 1)",2024-12-05 22:30:08
checkIfParsablePython,{'file': 'non_existent_file.py'},[Errno 2] No such file or directory: 'non_existent_file.py',2024-12-05 22:30:08
checkIfParsablePython,{'file': None},"expected str, bytes or os.PathLike object, not NoneType",2024-12-05 22:30:08
checkIfParsablePython,{'file': ''},[Errno 2] No such file or directory: '',2024-12-05 22:30:08
str.join,"{'list': [None, 'P,sIl', 'l1SbV', 'R41OY', 123], 'separator': None}",'NoneType' object has no attribute 'join',2024-12-05 22:30:08
list.pop,"{'list': [63], 'index': None}",'NoneType' object cannot be interpreted as an integer,2024-12-05 22:30:08
float,"{'input': 'KJs,Dg(Bfj'}","could not convert string to float: 'KJs,Dg(Bfj'",2024-12-05 22:30:08
checkIfParsablePython,{'file': 'invalid_script.py'},"'(' was never closed (<unknown>, line 1)",2024-12-05 22:30:08
checkIfParsablePython,{'file': 'non_existent_file.py'},[Errno 2] No such file or directory: 'non_existent_file.py',2024-12-05 22:30:08
checkIfParsablePython,{'file': None},"expected str, bytes or os.PathLike object, not NoneType",2024-12-05 22:30:08
checkIfParsablePython,{'file': ''},[Errno 2] No such file or directory: '',2024-12-05 22:30:08
str.join,"{'list': ['.xF37', 123, None, 'Cv,?M', 123], 'separator': ' '}","sequence item 1: expected str instance, int found",2024-12-05 22:30:08
dict.update,"{'dict': {'Z9DIt': 4, 'OgQj3': 5, 'u@ny1': 8, 'x$yPC': 23, 'k`v1w': 28}, 'updates': None}",'NoneType' object is not iterable,2024-12-05 22:30:08
checkIfParsablePython,{'file': 'invalid_script.py'},"'(' was never closed (<unknown>, line 1)",2024-12-05 22:30:08
checkIfParsablePython,{'file': 'non_existent_file.py'},[Errno 2] No such file or directory: 'non_existent_file.py',2024-12-05 22:30:08
checkIfParsablePython,{'file': None},"expected str, bytes or os.PathLike object, not NoneType",2024-12-05 22:30:08
checkIfParsablePython,{'file': ''},[Errno 2] No such file or directory: '',2024-12-05 22:30:08
str.join,"{'list': ['[Y/xv', '/$fz-', '@lxLd', None, 123], 'separator': None}",'NoneType' object has no attribute 'join',2024-12-05 22:30:08
list.pop,"{'list': [17, 85], 'index': None}",'NoneType' object cannot be interpreted as an integer,2024-12-05 22:30:08
float,{'input': 'Bl;$**&_Kg'},could not convert string to float: 'Bl;$**&_Kg',2024-12-05 22:30:08
checkIfParsablePython,{'file': 'invalid_script.py'},"'(' was never closed (<unknown>, line 1)",2024-12-05 22:30:08
checkIfParsablePython,{'file': 'non_existent_file.py'},[Errno 2] No such file or directory: 'non_existent_file.py',2024-12-05 22:30:08
checkIfParsablePython,{'file': None},"expected str, bytes or os.PathLike object, not NoneType",2024-12-05 22:30:08
checkIfParsablePython,{'file': ''},[Errno 2] No such file or directory: '',2024-12-05 22:30:08
str.join,"{'list': [None, None, 'XJ-Z\\', 'busNc', 123], 'separator': '-'}","sequence item 0: expected str instance, NoneType found",2024-12-05 22:30:08
list.pop,"{'list': [10, 80, 31, 66], 'index': None}",'NoneType' object cannot be interpreted as an integer,2024-12-05 22:30:08
float,{'input': None},"float() argument must be a string or a real number, not 'NoneType'",2024-12-05 22:30:08
checkIfParsablePython,{'file': 'invalid_script.py'},"'(' was never closed (<unknown>, line 1)",2024-12-05 22:30:08
checkIfParsablePython,{'file': 'non_existent_file.py'},[Errno 2] No such file or directory: 'non_existent_file.py',2024-12-05 22:30:08
checkIfParsablePython,{'file': None},"expected str, bytes or os.PathLike object, not NoneType",2024-12-05 22:30:08
checkIfParsablePython,{'file': ''},[Errno 2] No such file or directory: '',2024-12-05 22:30:08
str.join,"{'list': [None, '!I*e1', '+,-w8', 'T2Vk(', 'nN6A,'], 'separator': '-'}","sequence item 0: expected str instance, NoneType found",2024-12-05 22:30:08
list.pop,"{'list': [13, 74], 'index': None}",'NoneType' object cannot be interpreted as an integer,2024-12-05 22:30:08
float,{'input': None},"float() argument must be a string or a real number, not 'NoneType'",2024-12-05 22:30:08
checkIfParsablePython,{'file': 'invalid_script.py'},"'(' was never closed (<unknown>, line 1)",2024-12-05 22:30:08
checkIfParsablePython,{'file': 'non_existent_file.py'},[Errno 2] No such file or directory: 'non_existent_file.py',2024-12-05 22:30:08
checkIfParsablePython,{'file': None},"expected str, bytes or os.PathLike object, not NoneType",2024-12-05 22:30:08
checkIfParsablePython,{'file': ''},[Errno 2] No such file or directory: '',2024-12-05 22:30:08
str.join,"{'list': [123, 123, None, '8Dvgm', '&fKRF'], 'separator': None}",'NoneType' object has no attribute 'join',2024-12-05 22:30:08
list.pop,"{'list': [57, 18, 60, 9, 0, 69, 68], 'index': 7}",pop index out of range,2024-12-05 22:30:08
float,{'input': 'gEx&@taWtI'},could not convert string to float: 'gEx&@taWtI',2024-12-05 22:30:08
checkIfParsablePython,{'file': 'invalid_script.py'},"'(' was never closed (<unknown>, line 1)",2024-12-05 22:30:08
checkIfParsablePython,{'file': 'non_existent_file.py'},[Errno 2] No such file or directory: 'non_existent_file.py',2024-12-05 22:30:08
checkIfParsablePython,{'file': None},"expected str, bytes or os.PathLike object, not NoneType",2024-12-05 22:30:08
checkIfParsablePython,{'file': ''},[Errno 2] No such file or directory: '',2024-12-05 22:30:08
str.join,"{'list': [None, None, None, None, None], 'separator': '-'}","sequence item 0: expected str instance, NoneType found",2024-12-05 22:30:08
list.pop,"{'list': [76], 'index': -10}",pop index out of range,2024-12-05 22:30:08
checkIfParsablePython,{'file': 'invalid_script.py'},"'(' was never closed (<unknown>, line 1)",2024-12-05 22:30:08
checkIfParsablePython,{'file': 'non_existent_file.py'},[Errno 2] No such file or directory: 'non_existent_file.py',2024-12-05 22:30:08
checkIfParsablePython,{'file': None},"expected str, bytes or os.PathLike object, not NoneType",2024-12-05 22:30:08
checkIfParsablePython,{'file': ''},[Errno 2] No such file or directory: '',2024-12-05 22:30:08
str.join,"{'list': [None, None, 123, 123, 123], 'separator': ' '}","sequence item 0: expected str instance, NoneType found",2024-12-05 22:30:08
list.pop,"{'list': [13, 96, 68], 'index': 9}",pop index out of range,2024-12-05 22:30:08
checkIfParsablePython,{'file': 'invalid_script.py'},"'(' was never closed (<unknown>, line 1)",2024-12-05 22:30:08
checkIfParsablePython,{'file': 'non_existent_file.py'},[Errno 2] No such file or directory: 'non_existent_file.py',2024-12-05 22:30:08
checkIfParsablePython,{'file': None},"expected str, bytes or os.PathLike object, not NoneType",2024-12-05 22:30:08
checkIfParsablePython,{'file': ''},[Errno 2] No such file or directory: '',2024-12-05 22:30:08
str.join,"{'list': [123, 'eXv1}', None, '\\i.~Z', 'r^m{{'], 'separator': ' '}","sequence item 0: expected str instance, int found",2024-12-05 22:30:08
list.pop,"{'list': [27, 96, 20, 54, 7], 'index': None}",'NoneType' object cannot be interpreted as an integer,2024-12-05 22:30:08
dict.update,"{'dict': {'HRU4U': 4, ':f@=;': 71, '1IvgC': 15, 'Q.K}F': 27, ':Mi21': 31}, 'updates': None}",'NoneType' object is not iterable,2024-12-05 22:30:08
checkIfParsablePython,{'file': 'invalid_script.py'},"'(' was never closed (<unknown>, line 1)",2024-12-05 22:30:08
checkIfParsablePython,{'file': 'non_existent_file.py'},[Errno 2] No such file or directory: 'non_existent_file.py',2024-12-05 22:30:08
checkIfParsablePython,{'file': None},"expected str, bytes or os.PathLike object, not NoneType",2024-12-05 22:30:08
checkIfParsablePython,{'file': ''},[Errno 2] No such file or directory: '',2024-12-05 22:30:08
str.join,"{'list': ['N/^np', 'eNlsE', 'e&&&)', None, 123], 'separator': None}",'NoneType' object has no attribute 'join',2024-12-05 22:30:08
checkIfParsablePython,{'file': 'invalid_script.py'},"'(' was never closed (<unknown>, line 1)",2024-12-05 22:30:08
checkIfParsablePython,{'file': 'non_existent_file.py'},[Errno 2] No such file or directory: 'non_existent_file.py',2024-12-05 22:30:08
checkIfParsablePython,{'file': None},"expected str, bytes or os.PathLike object, not NoneType",2024-12-05 22:30:08
checkIfParsablePython,{'file': ''},[Errno 2] No such file or directory: '',2024-12-05 22:30:08
str.join,"{'list': [123, None, None, None, None], 'separator': ' '}","sequence item 0: expected str instance, int found",2024-12-05 22:30:08
checkIfParsablePython,{'file': 'invalid_script.py'},"'(' was never closed (<unknown>, line 1)",2024-12-05 22:30:08
checkIfParsablePython,{'file': 'non_existent_file.py'},[Errno 2] No such file or directory: 'non_existent_file.py',2024-12-05 22:30:08
checkIfParsablePython,{'file': None},"expected str, bytes or os.PathLike object, not NoneType",2024-12-05 22:30:08
checkIfParsablePython,{'file': ''},[Errno 2] No such file or directory: '',2024-12-05 22:30:08
str.join,"{'list': [123, 123, 'HW|k!', None, 'Vj*/""'], 'separator': '-'}","sequence item 0: expected str instance, int found",2024-12-05 22:30:08
list.pop,"{'list': [42, 76, 72, 31, 62, 56], 'index': 10}",pop index out of range,2024-12-05 22:30:08
float,{'input': None},"float() argument must be a string or a real number, not 'NoneType'",2024-12-05 22:30:08
checkIfParsablePython,{'file': 'invalid_script.py'},"'(' was never closed (<unknown>, line 1)",2024-12-05 22:30:08
checkIfParsablePython,{'file': 'non_existent_file.py'},[Errno 2] No such file or directory: 'non_existent_file.py',2024-12-05 22:30:08
checkIfParsablePython,{'file': None},"expected str, bytes or os.PathLike object, not NoneType",2024-12-05 22:30:08
checkIfParsablePython,{'file': ''},[Errno 2] No such file or directory: '',2024-12-05 22:30:08
str.join,"{'list': [None, None, None, None, 'he`=M'], 'separator': '-'}","sequence item 0: expected str instance, NoneType found",2024-12-05 22:30:08
list.pop,"{'list': [41, 13, 9, 73, 87, 83, 81, 17], 'index': None}",'NoneType' object cannot be interpreted as an integer,2024-12-05 22:30:08
checkIfParsablePython,{'file': 'invalid_script.py'},"'(' was never closed (<unknown>, line 1)",2024-12-05 22:30:08
checkIfParsablePython,{'file': 'non_existent_file.py'},[Errno 2] No such file or directory: 'non_existent_file.py',2024-12-05 22:30:08
checkIfParsablePython,{'file': None},"expected str, bytes or os.PathLike object, not NoneType",2024-12-05 22:30:08
checkIfParsablePython,{'file': ''},[Errno 2] No such file or directory: '',2024-12-05 22:30:08
str.join,"{'list': [123, 123, '2kg\\$', None, None], 'separator': ' '}","sequence item 0: expected str instance, int found",2024-12-05 22:30:08
list.pop,"{'list': [], 'index': None}",'NoneType' object cannot be interpreted as an integer,2024-12-05 22:30:08
float,{'input': None},"float() argument must be a string or a real number, not 'NoneType'",2024-12-05 22:30:08
checkIfParsablePython,{'file': 'invalid_script.py'},"'(' was never closed (<unknown>, line 1)",2024-12-05 22:30:08
checkIfParsablePython,{'file': 'non_existent_file.py'},[Errno 2] No such file or directory: 'non_existent_file.py',2024-12-05 22:30:08
checkIfParsablePython,{'file': None},"expected str, bytes or os.PathLike object, not NoneType",2024-12-05 22:30:08
checkIfParsablePython,{'file': ''},[Errno 2] No such file or directory: '',2024-12-05 22:30:08
str.join,"{'list': [123, None, 'C.xtE', None, None], 'separator': ' '}","sequence item 0: expected str instance, int found",2024-12-05 22:30:08
list.pop,"{'list': [77, 25, 22, 43, 19, 91], 'index': None}",'NoneType' object cannot be interpreted as an integer,2024-12-05 22:30:08
checkIfParsablePython,{'file': 'invalid_script.py'},"'(' was never closed (<unknown>, line 1)",2024-12-05 22:30:08
checkIfParsablePython,{'file': 'non_existent_file.py'},[Errno 2] No such file or directory: 'non_existent_file.py',2024-12-05 22:30:08
checkIfParsablePython,{'file': None},"expected str, bytes or os.PathLike object, not NoneType",2024-12-05 22:30:08
checkIfParsablePython,{'file': ''},[Errno 2] No such file or directory: '',2024-12-05 22:30:08
str.join,"{'list': [123, None, ',4ye=', 'M{hDO', '3)$%b'], 'separator': '-'}","sequence item 0: expected str instance, int found",2024-12-05 22:30:08
float,"{'input': ""^=u2,'$c]B""}","could not convert string to float: ""^=u2,'$c]B""",2024-12-05 22:30:08
checkIfParsablePython,{'file': 'invalid_script.py'},"'(' was never closed (<unknown>, line 1)",2024-12-05 22:30:08
checkIfParsablePython,{'file': 'non_existent_file.py'},[Errno 2] No such file or directory: 'non_existent_file.py',2024-12-05 22:30:08
checkIfParsablePython,{'file': None},"expected str, bytes or os.PathLike object, not NoneType",2024-12-05 22:30:08
checkIfParsablePython,{'file': ''},[Errno 2] No such file or directory: '',2024-12-05 22:30:08
str.join,"{'list': [123, 123, 123, 123, None], 'separator': ' '}","sequence item 0: expected str instance, int found",2024-12-05 22:30:08
list.pop,"{'list': [59, 0, 29, 96, 14, 24], 'index': None}",'NoneType' object cannot be interpreted as an integer,2024-12-05 22:30:08
dict.update,"{'dict': {'*``sG': 38, ',p:*9': 4, ';[]R&': 80, ';0Jb4': 61, 'Ita:}': 64}, 'updates': None}",'NoneType' object is not iterable,2024-12-05 22:30:08
checkIfParsablePython,{'file': 'invalid_script.py'},"'(' was never closed (<unknown>, line 1)",2024-12-05 22:30:08
checkIfParsablePython,{'file': 'non_existent_file.py'},[Errno 2] No such file or directory: 'non_existent_file.py',2024-12-05 22:30:08
checkIfParsablePython,{'file': None},"expected str, bytes or os.PathLike object, not NoneType",2024-12-05 22:30:08
checkIfParsablePython,{'file': ''},[Errno 2] No such file or directory: '',2024-12-05 22:30:08
str.join,"{'list': ['v88$D', None, None, 123, None], 'separator': '-'}","sequence item 1: expected str instance, NoneType found",2024-12-05 22:30:08
list.pop,"{'list': [7, 42, 92], 'index': None}",'NoneType' object cannot be interpreted as an integer,2024-12-05 22:30:08
checkIfParsablePython,{'file': 'invalid_script.py'},"'(' was never closed (<unknown>, line 1)",2024-12-05 22:30:08
checkIfParsablePython,{'file': 'non_existent_file.py'},[Errno 2] No such file or directory: 'non_existent_file.py',2024-12-05 22:30:08
checkIfParsablePython,{'file': None},"expected str, bytes or os.PathLike object, not NoneType",2024-12-05 22:30:08
checkIfParsablePython,{'file': ''},[Errno 2] No such file or directory: '',2024-12-05 22:30:08
str.join,"{'list': [123, None, 123, None, 123], 'separator': '-'}","sequence item 0: expected str instance, int found",2024-12-05 22:30:08
list.pop,"{'list': [61, 71, 78, 29, 13, 100], 'index': None}",'NoneType' object cannot be interpreted as an integer,2024-12-05 22:30:08
checkIfParsablePython,{'file': 'invalid_script.py'},"'(' was never closed (<unknown>, line 1)",2024-12-05 22:30:08
checkIfParsablePython,{'file': 'non_existent_file.py'},[Errno 2] No such file or directory: 'non_existent_file.py',2024-12-05 22:30:08
checkIfParsablePython,{'file': None},"expected str, bytes or os.PathLike object, not NoneType",2024-12-05 22:30:08
checkIfParsablePython,{'file': ''},[Errno 2] No such file or directory: '',2024-12-05 22:30:08
str.join,"{'list': [123, 123, 123, None, None], 'separator': ' '}","sequence item 0: expected str instance, int found",2024-12-05 22:30:08
list.pop,"{'list': [44, 65, 10, 43, 25, 9, 6, 23, 3], 'index': None}",'NoneType' object cannot be interpreted as an integer,2024-12-05 22:30:08
checkIfParsablePython,{'file': 'invalid_script.py'},"'(' was never closed (<unknown>, line 1)",2024-12-05 22:30:08
checkIfParsablePython,{'file': 'non_existent_file.py'},[Errno 2] No such file or directory: 'non_existent_file.py',2024-12-05 22:30:08
checkIfParsablePython,{'file': None},"expected str, bytes or os.PathLike object, not NoneType",2024-12-05 22:30:08
checkIfParsablePython,{'file': ''},[Errno 2] No such file or directory: '',2024-12-05 22:30:08
str.join,"{'list': ['qAgQ""', 123, 123, 123, 'i*Q,j'], 'separator': ' '}","sequence item 1: expected str instance, int found",2024-12-05 22:30:08
list.pop,"{'list': [71, 77, 91, 36, 18, 40, 72], 'index': None}",'NoneType' object cannot be interpreted as an integer,2024-12-05 22:30:08
checkIfParsablePython,{'file': 'invalid_script.py'},"'(' was never closed (<unknown>, line 1)",2024-12-05 22:30:08
checkIfParsablePython,{'file': 'non_existent_file.py'},[Errno 2] No such file or directory: 'non_existent_file.py',2024-12-05 22:30:08
checkIfParsablePython,{'file': None},"expected str, bytes or os.PathLike object, not NoneType",2024-12-05 22:30:08
checkIfParsablePython,{'file': ''},[Errno 2] No such file or directory: '',2024-12-05 22:30:08
str.join,"{'list': ['*Q4(R', 123, 'U>x@f', 123, 123], 'separator': None}",'NoneType' object has no attribute 'join',2024-12-05 22:30:08
list.pop,"{'list': [78, 26, 72, 82], 'index': None}",'NoneType' object cannot be interpreted as an integer,2024-12-05 22:30:08
dict.update,"{'dict': {'Wz/v/': 42, 'LS)0V': 20, '/YHR]': 100, 'Bfy<v': 21, '1jxd(': 75}, 'updates': None}",'NoneType' object is not iterable,2024-12-05 22:30:08
checkIfParsablePython,{'file': 'invalid_script.py'},"'(' was never closed (<unknown>, line 1)",2024-12-05 22:30:08
checkIfParsablePython,{'file': 'non_existent_file.py'},[Errno 2] No such file or directory: 'non_existent_file.py',2024-12-05 22:30:08
checkIfParsablePython,{'file': None},"expected str, bytes or os.PathLike object, not NoneType",2024-12-05 22:30:08
checkIfParsablePython,{'file': ''},[Errno 2] No such file or directory: '',2024-12-05 22:30:08
str.join,"{'list': ['O&FH;', '!tvI5', 123, None, 123], 'separator': '-'}","sequence item 2: expected str instance, int found",2024-12-05 22:30:08
list.pop,"{'list': [65, 74], 'index': -8}",pop index out of range,2024-12-05 22:30:08
float,{'input': '\\Za20%M%[>'},could not convert string to float: '\\Za20%M%[>',2024-12-05 22:30:08
checkIfParsablePython,{'file': 'invalid_script.py'},"'(' was never closed (<unknown>, line 1)",2024-12-05 22:30:08
checkIfParsablePython,{'file': 'non_existent_file.py'},[Errno 2] No such file or directory: 'non_existent_file.py',2024-12-05 22:30:08
checkIfParsablePython,{'file': None},"expected str, bytes or os.PathLike object, not NoneType",2024-12-05 22:30:08
checkIfParsablePython,{'file': ''},[Errno 2] No such file or directory: '',2024-12-05 22:30:08
str.join,"{'list': ['E:0""/', 123, 123, 123, None], 'separator': '-'}","sequence item 1: expected str instance, int found",2024-12-05 22:30:08
list.pop,"{'list': [61, 49, 77, 54, 53, 18, 79], 'index': None}",'NoneType' object cannot be interpreted as an integer,2024-12-05 22:30:08
dict.update,"{'dict': {'l$P/7': 19, 'Ehn[A': 70, 'u~!]c': 20, 'ByF>7': 50, '7EF!\\': 45}, 'updates': None}",'NoneType' object is not iterable,2024-12-05 22:30:08
float,{'input': 'V[ky}Rue|;'},could not convert string to float: 'V[ky}Rue|;',2024-12-05 22:30:08
checkIfParsablePython,{'file': 'invalid_script.py'},"'(' was never closed (<unknown>, line 1)",2024-12-05 22:30:08
checkIfParsablePython,{'file': 'non_existent_file.py'},[Errno 2] No such file or directory: 'non_existent_file.py',2024-12-05 22:30:08
checkIfParsablePython,{'file': None},"expected str, bytes or os.PathLike object, not NoneType",2024-12-05 22:30:08
checkIfParsablePython,{'file': ''},[Errno 2] No such file or directory: '',2024-12-05 22:30:08
str.join,"{'list': [123, None, 123, '*Rt]o', 123], 'separator': None}",'NoneType' object has no attribute 'join',2024-12-05 22:30:08
list.pop,"{'list': [40, 34, 67, 32, 60], 'index': None}",'NoneType' object cannot be interpreted as an integer,2024-12-05 22:30:08
checkIfParsablePython,{'file': 'invalid_script.py'},"'(' was never closed (<unknown>, line 1)",2024-12-05 22:30:08
checkIfParsablePython,{'file': 'non_existent_file.py'},[Errno 2] No such file or directory: 'non_existent_file.py',2024-12-05 22:30:08
checkIfParsablePython,{'file': None},"expected str, bytes or os.PathLike object, not NoneType",2024-12-05 22:30:08
checkIfParsablePython,{'file': ''},[Errno 2] No such file or directory: '',2024-12-05 22:30:08
str.join,"{'list': [123, None, 'hD#2~', ""`8'8V"", 123], 'separator': '-'}","sequence item 0: expected str instance, int found",2024-12-05 22:30:08
list.pop,"{'list': [35, 79, 81, 62], 'index': None}",'NoneType' object cannot be interpreted as an integer,2024-12-05 22:30:08
float,{'input': 'Xf};/y*C-i'},could not convert string to float: 'Xf};/y*C-i',2024-12-05 22:30:08
checkIfParsablePython,{'file': 'invalid_script.py'},"'(' was never closed (<unknown>, line 1)",2024-12-05 22:30:08
checkIfParsablePython,{'file': 'non_existent_file.py'},[Errno 2] No such file or directory: 'non_existent_file.py',2024-12-05 22:30:08
checkIfParsablePython,{'file': None},"expected str, bytes or os.PathLike object, not NoneType",2024-12-05 22:30:08
checkIfParsablePython,{'file': ''},[Errno 2] No such file or directory: '',2024-12-05 22:30:08
str.join,"{'list': [123, None, 'HxhNi', 'b""w>H', None], 'separator': None}",'NoneType' object has no attribute 'join',2024-12-05 22:30:08
list.pop,"{'list': [85, 22, 60], 'index': None}",'NoneType' object cannot be interpreted as an integer,2024-12-05 22:30:08
float,"{'input': ""*somPDl'ED""}","could not convert string to float: ""*somPDl'ED""",2024-12-05 22:30:08
checkIfParsablePython,{'file': 'invalid_script.py'},"'(' was never closed (<unknown>, line 1)",2024-12-05 22:30:08
checkIfParsablePython,{'file': 'non_existent_file.py'},[Errno 2] No such file or directory: 'non_existent_file.py',2024-12-05 22:30:08
checkIfParsablePython,{'file': None},"expected str, bytes or os.PathLike object, not NoneType",2024-12-05 22:30:08
checkIfParsablePython,{'file': ''},[Errno 2] No such file or directory: '',2024-12-05 22:30:08
str.join,"{'list': ['uH>:%', 'CAZS`', 123, None, None], 'separator': '-'}","sequence item 2: expected str instance, int found",2024-12-05 22:30:08
list.pop,"{'list': [47, 9, 14, 52, 91, 8, 9, 38], 'index': 10}",pop index out of range,2024-12-05 22:30:08
float,{'input': 'VEq>[$a.pp'},could not convert string to float: 'VEq>[$a.pp',2024-12-05 22:30:08
checkIfParsablePython,{'file': 'invalid_script.py'},"'(' was never closed (<unknown>, line 1)",2024-12-05 22:30:08
checkIfParsablePython,{'file': 'non_existent_file.py'},[Errno 2] No such file or directory: 'non_existent_file.py',2024-12-05 22:30:08
checkIfParsablePython,{'file': None},"expected str, bytes or os.PathLike object, not NoneType",2024-12-05 22:30:08
checkIfParsablePython,{'file': ''},[Errno 2] No such file or directory: '',2024-12-05 22:30:08
str.join,"{'list': [123, 123, 123, 123, 'jiIhs'], 'separator': None}",'NoneType' object has no attribute 'join',2024-12-05 22:30:08
list.pop,"{'list': [73, 71, 53, 1, 57, 94, 92, 16, 76, 30], 'index': None}",'NoneType' object cannot be interpreted as an integer,2024-12-05 22:30:08
dict.update,"{'dict': {'Qo~4F': 73, 'DvcJ9': 37, '+NiX=': 8, 'yx:Cg': 12, 'Seva}': 99}, 'updates': None}",'NoneType' object is not iterable,2024-12-05 22:30:08
float,{'input': None},"float() argument must be a string or a real number, not 'NoneType'",2024-12-05 22:30:08
checkIfParsablePython,{'file': 'invalid_script.py'},"'(' was never closed (<unknown>, line 1)",2024-12-05 22:30:08
checkIfParsablePython,{'file': 'non_existent_file.py'},[Errno 2] No such file or directory: 'non_existent_file.py',2024-12-05 22:30:08
checkIfParsablePython,{'file': None},"expected str, bytes or os.PathLike object, not NoneType",2024-12-05 22:30:08
checkIfParsablePython,{'file': ''},[Errno 2] No such file or directory: '',2024-12-05 22:30:08
str.join,"{'list': ['2~VA_', 123, 'ws(ay', None, None], 'separator': ' '}","sequence item 1: expected str instance, int found",2024-12-05 22:30:08
list.pop,"{'list': [74, 58, 68, 94, 73, 59], 'index': None}",'NoneType' object cannot be interpreted as an integer,2024-12-05 22:30:08
float,{'input': '{x+#~54KyR'},could not convert string to float: '{x+#~54KyR',2024-12-05 22:30:08
checkIfParsablePython,{'file': 'invalid_script.py'},"'(' was never closed (<unknown>, line 1)",2024-12-05 22:30:08
checkIfParsablePython,{'file': 'non_existent_file.py'},[Errno 2] No such file or directory: 'non_existent_file.py',2024-12-05 22:30:08
checkIfParsablePython,{'file': None},"expected str, bytes or os.PathLike object, not NoneType",2024-12-05 22:30:08
checkIfParsablePython,{'file': ''},[Errno 2] No such file or directory: '',2024-12-05 22:30:08
str.join,"{'list': ['2$\\=0', None, None, '#@JxN', None], 'separator': ' '}","sequence item 1: expected str instance, NoneType found",2024-12-05 22:30:08
list.pop,"{'list': [], 'index': 6}",pop from empty list,2024-12-05 22:30:08
checkIfParsablePython,{'file': 'invalid_script.py'},"'(' was never closed (<unknown>, line 1)",2024-12-05 22:30:08
checkIfParsablePython,{'file': 'non_existent_file.py'},[Errno 2] No such file or directory: 'non_existent_file.py',2024-12-05 22:30:08
checkIfParsablePython,{'file': None},"expected str, bytes or os.PathLike object, not NoneType",2024-12-05 22:30:08
checkIfParsablePython,{'file': ''},[Errno 2] No such file or directory: '',2024-12-05 22:30:08
str.join,"{'list': [None, None, 'l+4C9', None, 123], 'separator': '-'}","sequence item 0: expected str instance, NoneType found",2024-12-05 22:30:08
list.pop,"{'list': [52, 20, 68, 81, 44, 65], 'index': 7}",pop index out of range,2024-12-05 22:30:08
checkIfParsablePython,{'file': 'invalid_script.py'},"'(' was never closed (<unknown>, line 1)",2024-12-05 22:30:08
checkIfParsablePython,{'file': 'non_existent_file.py'},[Errno 2] No such file or directory: 'non_existent_file.py',2024-12-05 22:30:08
checkIfParsablePython,{'file': None},"expected str, bytes or os.PathLike object, not NoneType",2024-12-05 22:30:08
checkIfParsablePython,{'file': ''},[Errno 2] No such file or directory: '',2024-12-05 22:30:08
str.join,"{'list': [123, None, 123, None, 'X&`gS'], 'separator': None}",'NoneType' object has no attribute 'join',2024-12-05 22:30:08
list.pop,"{'list': [64, 69, 96, 94], 'index': -8}",pop index out of range,2024-12-05 22:30:08
checkIfParsablePython,{'file': 'invalid_script.py'},"'(' was never closed (<unknown>, line 1)",2024-12-05 22:30:08
checkIfParsablePython,{'file': 'non_existent_file.py'},[Errno 2] No such file or directory: 'non_existent_file.py',2024-12-05 22:30:08
checkIfParsablePython,{'file': None},"expected str, bytes or os.PathLike object, not NoneType",2024-12-05 22:30:08
checkIfParsablePython,{'file': ''},[Errno 2] No such file or directory: '',2024-12-05 22:30:08
str.join,"{'list': [123, 'J$O|{', 123, 'qiWg~', 123], 'separator': ' '}","sequence item 0: expected str instance, int found",2024-12-05 22:30:08
float,{'input': None},"float() argument must be a string or a real number, not 'NoneType'",2024-12-05 22:30:08
checkIfParsablePython,{'file': 'invalid_script.py'},"'(' was never closed (<unknown>, line 1)",2024-12-05 22:30:08
checkIfParsablePython,{'file': 'non_existent_file.py'},[Errno 2] No such file or directory: 'non_existent_file.py',2024-12-05 22:30:08
checkIfParsablePython,{'file': None},"expected str, bytes or os.PathLike object, not NoneType",2024-12-05 22:30:08
checkIfParsablePython,{'file': ''},[Errno 2] No such file or directory: '',2024-12-05 22:30:08
str.join,"{'list': ['""%(oO', 'sDj<;', 123, 123, 'Ix%*d'], 'separator': None}",'NoneType' object has no attribute 'join',2024-12-05 22:30:08
checkIfParsablePython,{'file': 'invalid_script.py'},"'(' was never closed (<unknown>, line 1)",2024-12-05 22:30:08
checkIfParsablePython,{'file': 'non_existent_file.py'},[Errno 2] No such file or directory: 'non_existent_file.py',2024-12-05 22:30:08
checkIfParsablePython,{'file': None},"expected str, bytes or os.PathLike object, not NoneType",2024-12-05 22:30:08
checkIfParsablePython,{'file': ''},[Errno 2] No such file or directory: '',2024-12-05 22:30:08
str.join,"{'list': [None, 123, None, 'a<X]%', None], 'separator': ' '}","sequence item 0: expected str instance, NoneType found",2024-12-05 22:30:08
list.pop,"{'list': [14, 76, 77, 22, 49], 'index': None}",'NoneType' object cannot be interpreted as an integer,2024-12-05 22:30:08
float,{'input': None},"float() argument must be a string or a real number, not 'NoneType'",2024-12-05 22:30:08
checkIfParsablePython,{'file': 'invalid_script.py'},"'(' was never closed (<unknown>, line 1)",2024-12-05 22:30:08
checkIfParsablePython,{'file': 'non_existent_file.py'},[Errno 2] No such file or directory: 'non_existent_file.py',2024-12-05 22:30:08
checkIfParsablePython,{'file': None},"expected str, bytes or os.PathLike object, not NoneType",2024-12-05 22:30:08
checkIfParsablePython,{'file': ''},[Errno 2] No such file or directory: '',2024-12-05 22:30:08
str.join,"{'list': [123, ""^z'H."", None, None, 'Vq,P+'], 'separator': None}",'NoneType' object has no attribute 'join',2024-12-05 22:30:08
list.pop,"{'list': [56, 94, 85, 99], 'index': None}",'NoneType' object cannot be interpreted as an integer,2024-12-05 22:30:08
float,{'input': None},"float() argument must be a string or a real number, not 'NoneType'",2024-12-05 22:30:08
checkIfParsablePython,{'file': 'invalid_script.py'},"'(' was never closed (<unknown>, line 1)",2024-12-05 22:30:08
checkIfParsablePython,{'file': 'non_existent_file.py'},[Errno 2] No such file or directory: 'non_existent_file.py',2024-12-05 22:30:08
checkIfParsablePython,{'file': None},"expected str, bytes or os.PathLike object, not NoneType",2024-12-05 22:30:08
checkIfParsablePython,{'file': ''},[Errno 2] No such file or directory: '',2024-12-05 22:30:08
str.join,"{'list': ['uqf$q', None, '$W|!~', None, None], 'separator': None}",'NoneType' object has no attribute 'join',2024-12-05 22:30:08
float,{'input': 'of2RGzUz/^'},could not convert string to float: 'of2RGzUz/^',2024-12-05 22:30:08
checkIfParsablePython,{'file': 'invalid_script.py'},"'(' was never closed (<unknown>, line 1)",2024-12-05 22:30:08
checkIfParsablePython,{'file': 'non_existent_file.py'},[Errno 2] No such file or directory: 'non_existent_file.py',2024-12-05 22:30:08
checkIfParsablePython,{'file': None},"expected str, bytes or os.PathLike object, not NoneType",2024-12-05 22:30:08
checkIfParsablePython,{'file': ''},[Errno 2] No such file or directory: '',2024-12-05 22:30:08
str.join,"{'list': [123, 123, 123, 'Z.)gB', None], 'separator': ' '}","sequence item 0: expected str instance, int found",2024-12-05 22:30:08
list.pop,"{'list': [], 'index': -10}",pop from empty list,2024-12-05 22:30:08
checkIfParsablePython,{'file': 'invalid_script.py'},"'(' was never closed (<unknown>, line 1)",2024-12-05 22:30:08
checkIfParsablePython,{'file': 'non_existent_file.py'},[Errno 2] No such file or directory: 'non_existent_file.py',2024-12-05 22:30:08
checkIfParsablePython,{'file': None},"expected str, bytes or os.PathLike object, not NoneType",2024-12-05 22:30:08
checkIfParsablePython,{'file': ''},[Errno 2] No such file or directory: '',2024-12-05 22:30:08
str.join,"{'list': [None, 'fO_.\\', 't+)0~', 'ijhhw', 123], 'separator': '-'}","sequence item 0: expected str instance, NoneType found",2024-12-05 22:30:08
list.pop,"{'list': [88, 45, 36, 12, 63, 83, 93, 48, 38, 77], 'index': None}",'NoneType' object cannot be interpreted as an integer,2024-12-05 22:30:08
checkIfParsablePython,{'file': 'invalid_script.py'},"'(' was never closed (<unknown>, line 1)",2024-12-05 22:30:08
checkIfParsablePython,{'file': 'non_existent_file.py'},[Errno 2] No such file or directory: 'non_existent_file.py',2024-12-05 22:30:08
checkIfParsablePython,{'file': None},"expected str, bytes or os.PathLike object, not NoneType",2024-12-05 22:30:08
checkIfParsablePython,{'file': ''},[Errno 2] No such file or directory: '',2024-12-05 22:30:08
str.join,"{'list': ['.0zLc', 123, ',)!ZW', 123, None], 'separator': None}",'NoneType' object has no attribute 'join',2024-12-05 22:30:08
list.pop,"{'list': [0], 'index': None}",'NoneType' object cannot be interpreted as an integer,2024-12-05 22:30:08
checkIfParsablePython,{'file': 'invalid_script.py'},"'(' was never closed (<unknown>, line 1)",2024-12-05 22:30:08
checkIfParsablePython,{'file': 'non_existent_file.py'},[Errno 2] No such file or directory: 'non_existent_file.py',2024-12-05 22:30:08
checkIfParsablePython,{'file': None},"expected str, bytes or os.PathLike object, not NoneType",2024-12-05 22:30:08
checkIfParsablePython,{'file': ''},[Errno 2] No such file or directory: '',2024-12-05 22:30:08
str.join,"{'list': [123, None, 123, 123, None], 'separator': None}",'NoneType' object has no attribute 'join',2024-12-05 22:30:08
list.pop,"{'list': [], 'index': None}",'NoneType' object cannot be interpreted as an integer,2024-12-05 22:30:08
dict.update,"{'dict': {'I6IpB': 65, 'YV0-a': 22, 'W9;8S': 77, '^CF]I': 19, 'sx7+T': 64}, 'updates': None}",'NoneType' object is not iterable,2024-12-05 22:30:08
float,{'input': None},"float() argument must be a string or a real number, not 'NoneType'",2024-12-05 22:30:08
checkIfParsablePython,{'file': 'invalid_script.py'},"'(' was never closed (<unknown>, line 1)",2024-12-05 22:30:08
checkIfParsablePython,{'file': 'non_existent_file.py'},[Errno 2] No such file or directory: 'non_existent_file.py',2024-12-05 22:30:08
checkIfParsablePython,{'file': None},"expected str, bytes or os.PathLike object, not NoneType",2024-12-05 22:30:08
checkIfParsablePython,{'file': ''},[Errno 2] No such file or directory: '',2024-12-05 22:30:08
str.join,"{'list': ['%:>dh', 'kU`<7', 123, None, 123], 'separator': ' '}","sequence item 2: expected str instance, int found",2024-12-05 22:30:08
list.pop,"{'list': [46, 91, 82], 'index': 6}",pop index out of range,2024-12-05 22:30:08
dict.update,"{'dict': {'NhOv#': 57, 'mk#^)': 7, 'TvUnw': 4, 'zjJa.': 54, '&V&0Z': 0}, 'updates': None}",'NoneType' object is not iterable,2024-12-05 22:30:08
checkIfParsablePython,{'file': 'invalid_script.py'},"'(' was never closed (<unknown>, line 1)",2024-12-05 22:30:08
checkIfParsablePython,{'file': 'non_existent_file.py'},[Errno 2] No such file or directory: 'non_existent_file.py',2024-12-05 22:30:08
checkIfParsablePython,{'file': None},"expected str, bytes or os.PathLike object, not NoneType",2024-12-05 22:30:08
checkIfParsablePython,{'file': ''},[Errno 2] No such file or directory: '',2024-12-05 22:30:08
str.join,"{'list': [123, 123, 123, 123, None], 'separator': None}",'NoneType' object has no attribute 'join',2024-12-05 22:30:08
list.pop,"{'list': [21, 83, 61, 22], 'index': None}",'NoneType' object cannot be interpreted as an integer,2024-12-05 22:30:08
float,{'input': None},"float() argument must be a string or a real number, not 'NoneType'",2024-12-05 22:30:08
checkIfParsablePython,{'file': 'invalid_script.py'},"'(' was never closed (<unknown>, line 1)",2024-12-05 22:30:08
checkIfParsablePython,{'file': 'non_existent_file.py'},[Errno 2] No such file or directory: 'non_existent_file.py',2024-12-05 22:30:08
checkIfParsablePython,{'file': None},"expected str, bytes or os.PathLike object, not NoneType",2024-12-05 22:30:08
checkIfParsablePython,{'file': ''},[Errno 2] No such file or directory: '',2024-12-05 22:30:08
str.join,"{'list': ['Wd`_A', None, 'f1_4V', '$IUky', 'NjO/X'], 'separator': ' '}","sequence item 1: expected str instance, NoneType found",2024-12-05 22:30:08
list.pop,"{'list': [], 'index': None}",'NoneType' object cannot be interpreted as an integer,2024-12-05 22:30:08
dict.update,"{'dict': {""4F'jX"": 17, 'I=p0B': 50, '0^tji': 67, 'eZCIc': 48, '}<k$p': 29}, 'updates': None}",'NoneType' object is not iterable,2024-12-05 22:30:08
float,{'input': None},"float() argument must be a string or a real number, not 'NoneType'",2024-12-05 22:30:08
checkIfParsablePython,{'file': 'invalid_script.py'},"'(' was never closed (<unknown>, line 1)",2024-12-05 22:30:08
checkIfParsablePython,{'file': 'non_existent_file.py'},[Errno 2] No such file or directory: 'non_existent_file.py',2024-12-05 22:30:08
checkIfParsablePython,{'file': None},"expected str, bytes or os.PathLike object, not NoneType",2024-12-05 22:30:08
checkIfParsablePython,{'file': ''},[Errno 2] No such file or directory: '',2024-12-05 22:30:08
str.join,"{'list': [123, None, None, '/#D==', None], 'separator': ' '}","sequence item 0: expected str instance, int found",2024-12-05 22:30:08
list.pop,"{'list': [60, 31], 'index': None}",'NoneType' object cannot be interpreted as an integer,2024-12-05 22:30:08
dict.update,"{'dict': {'=c?o5': 12, ""5(d.'"": 25, ""c:'uT"": 68, 'yyegn': 80, 'hq+64': 89}, 'updates': None}",'NoneType' object is not iterable,2024-12-05 22:30:08
float,{'input': None},"float() argument must be a string or a real number, not 'NoneType'",2024-12-05 22:30:08
checkIfParsablePython,{'file': 'invalid_script.py'},"'(' was never closed (<unknown>, line 1)",2024-12-05 22:30:08
checkIfParsablePython,{'file': 'non_existent_file.py'},[Errno 2] No such file or directory: 'non_existent_file.py',2024-12-05 22:30:08
checkIfParsablePython,{'file': None},"expected str, bytes or os.PathLike object, not NoneType",2024-12-05 22:30:08
checkIfParsablePython,{'file': ''},[Errno 2] No such file or directory: '',2024-12-05 22:30:08
str.join,"{'list': ['/~upa', None, '|qR(5', 'me~th', 'bCoS|'], 'separator': '-'}","sequence item 1: expected str instance, NoneType found",2024-12-05 22:30:08
list.pop,"{'list': [99], 'index': None}",'NoneType' object cannot be interpreted as an integer,2024-12-05 22:30:08
float,{'input': None},"float() argument must be a string or a real number, not 'NoneType'",2024-12-05 22:30:08
checkIfParsablePython,{'file': 'invalid_script.py'},"'(' was never closed (<unknown>, line 1)",2024-12-05 22:30:08
checkIfParsablePython,{'file': 'non_existent_file.py'},[Errno 2] No such file or directory: 'non_existent_file.py',2024-12-05 22:30:08
checkIfParsablePython,{'file': None},"expected str, bytes or os.PathLike object, not NoneType",2024-12-05 22:30:08
checkIfParsablePython,{'file': ''},[Errno 2] No such file or directory: '',2024-12-05 22:30:08
str.join,"{'list': [123, None, '+RP$:', 'ORX^p', None], 'separator': ' '}","sequence item 0: expected str instance, int found",2024-12-05 22:30:08
checkIfParsablePython,{'file': 'invalid_script.py'},"'(' was never closed (<unknown>, line 1)",2024-12-05 22:30:08
checkIfParsablePython,{'file': 'non_existent_file.py'},[Errno 2] No such file or directory: 'non_existent_file.py',2024-12-05 22:30:08
checkIfParsablePython,{'file': None},"expected str, bytes or os.PathLike object, not NoneType",2024-12-05 22:30:08
checkIfParsablePython,{'file': ''},[Errno 2] No such file or directory: '',2024-12-05 22:30:08
str.join,"{'list': [123, 'k>H*N', '1Up=O', 123, 123], 'separator': ' '}","sequence item 0: expected str instance, int found",2024-12-05 22:30:08
dict.update,"{'dict': {'?),qs': 36, '[OlbM': 43, 'I2kU6': 22, 'J[SfJ': 66, 'KN(VL': 77}, 'updates': None}",'NoneType' object is not iterable,2024-12-05 22:30:08
checkIfParsablePython,{'file': 'invalid_script.py'},"'(' was never closed (<unknown>, line 1)",2024-12-05 22:30:08
checkIfParsablePython,{'file': 'non_existent_file.py'},[Errno 2] No such file or directory: 'non_existent_file.py',2024-12-05 22:30:08
checkIfParsablePython,{'file': None},"expected str, bytes or os.PathLike object, not NoneType",2024-12-05 22:30:08
checkIfParsablePython,{'file': ''},[Errno 2] No such file or directory: '',2024-12-05 22:30:08
str.join,"{'list': ['Mngj[', 123, None, '_iq)`', 123], 'separator': None}",'NoneType' object has no attribute 'join',2024-12-05 22:30:08
float,{'input': None},"float() argument must be a string or a real number, not 'NoneType'",2024-12-05 22:30:08
checkIfParsablePython,{'file': 'invalid_script.py'},"'(' was never closed (<unknown>, line 1)",2024-12-05 22:30:08
checkIfParsablePython,{'file': 'non_existent_file.py'},[Errno 2] No such file or directory: 'non_existent_file.py',2024-12-05 22:30:08
checkIfParsablePython,{'file': None},"expected str, bytes or os.PathLike object, not NoneType",2024-12-05 22:30:08
checkIfParsablePython,{'file': ''},[Errno 2] No such file or directory: '',2024-12-05 22:30:08
str.join,"{'list': ['Co8Is', None, 'MLH9o', '\\JvGU', 123], 'separator': '-'}","sequence item 1: expected str instance, NoneType found",2024-12-05 22:30:08
checkIfParsablePython,{'file': 'invalid_script.py'},"'(' was never closed (<unknown>, line 1)",2024-12-05 22:30:08
checkIfParsablePython,{'file': 'non_existent_file.py'},[Errno 2] No such file or directory: 'non_existent_file.py',2024-12-05 22:30:08
checkIfParsablePython,{'file': None},"expected str, bytes or os.PathLike object, not NoneType",2024-12-05 22:30:08
checkIfParsablePython,{'file': ''},[Errno 2] No such file or directory: '',2024-12-05 22:30:08
str.join,"{'list': [123, 123, 123, 'QgJiL', 123], 'separator': None}",'NoneType' object has no attribute 'join',2024-12-05 22:30:08
list.pop,"{'list': [], 'index': 3}",pop from empty list,2024-12-05 22:30:08
float,{'input': None},"float() argument must be a string or a real number, not 'NoneType'",2024-12-05 22:30:08
checkIfParsablePython,{'file': 'invalid_script.py'},"'(' was never closed (<unknown>, line 1)",2024-12-05 22:30:08
checkIfParsablePython,{'file': 'non_existent_file.py'},[Errno 2] No such file or directory: 'non_existent_file.py',2024-12-05 22:30:08
checkIfParsablePython,{'file': None},"expected str, bytes or os.PathLike object, not NoneType",2024-12-05 22:30:08
checkIfParsablePython,{'file': ''},[Errno 2] No such file or directory: '',2024-12-05 22:30:08
str.join,"{'list': [123, None, 'f#enj', 123, None], 'separator': ' '}","sequence item 0: expected str instance, int found",2024-12-05 22:30:08
list.pop,"{'list': [98, 68, 95, 47, 72, 14], 'index': None}",'NoneType' object cannot be interpreted as an integer,2024-12-05 22:30:08
float,{'input': None},"float() argument must be a string or a real number, not 'NoneType'",2024-12-05 22:30:08
checkIfParsablePython,{'file': 'invalid_script.py'},"'(' was never closed (<unknown>, line 1)",2024-12-05 22:30:08
checkIfParsablePython,{'file': 'non_existent_file.py'},[Errno 2] No such file or directory: 'non_existent_file.py',2024-12-05 22:30:08
checkIfParsablePython,{'file': None},"expected str, bytes or os.PathLike object, not NoneType",2024-12-05 22:30:08
checkIfParsablePython,{'file': ''},[Errno 2] No such file or directory: '',2024-12-05 22:30:08
str.join,"{'list': [123, 123, 123, 123, 'eUMun'], 'separator': '-'}","sequence item 0: expected str instance, int found",2024-12-05 22:30:08
list.pop,"{'list': [26], 'index': 9}",pop index out of range,2024-12-05 22:30:08
dict.update,"{'dict': {'&^L6L': 50, '[E;U{': 21, 'J{9C,': 70, 'YBG@c': 61, 'YiK@=': 28}, 'updates': None}",'NoneType' object is not iterable,2024-12-05 22:30:08
checkIfParsablePython,{'file': 'invalid_script.py'},"'(' was never closed (<unknown>, line 1)",2024-12-05 22:30:08
checkIfParsablePython,{'file': 'non_existent_file.py'},[Errno 2] No such file or directory: 'non_existent_file.py',2024-12-05 22:30:08
checkIfParsablePython,{'file': None},"expected str, bytes or os.PathLike object, not NoneType",2024-12-05 22:30:08
checkIfParsablePython,{'file': ''},[Errno 2] No such file or directory: '',2024-12-05 22:30:08
str.join,"{'list': [123, '3&BhP', 'ZJEGj', 123, None], 'separator': ' '}","sequence item 0: expected str instance, int found",2024-12-05 22:30:08
float,{'input': 'd]6FvIU(vi'},could not convert string to float: 'd]6FvIU(vi',2024-12-05 22:30:08
checkIfParsablePython,{'file': 'invalid_script.py'},"'(' was never closed (<unknown>, line 1)",2024-12-05 22:30:08
checkIfParsablePython,{'file': 'non_existent_file.py'},[Errno 2] No such file or directory: 'non_existent_file.py',2024-12-05 22:30:08
checkIfParsablePython,{'file': None},"expected str, bytes or os.PathLike object, not NoneType",2024-12-05 22:30:08
checkIfParsablePython,{'file': ''},[Errno 2] No such file or directory: '',2024-12-05 22:30:08
str.join,"{'list': [123, 123, 'J_2`f', ':JG2]', 'JC8q`'], 'separator': '-'}","sequence item 0: expected str instance, int found",2024-12-05 22:30:08
list.pop,"{'list': [65], 'index': -2}",pop index out of range,2024-12-05 22:30:08
checkIfParsablePython,{'file': 'invalid_script.py'},"'(' was never closed (<unknown>, line 1)",2024-12-05 22:30:08
checkIfParsablePython,{'file': 'non_existent_file.py'},[Errno 2] No such file or directory: 'non_existent_file.py',2024-12-05 22:30:08
checkIfParsablePython,{'file': None},"expected str, bytes or os.PathLike object, not NoneType",2024-12-05 22:30:08
checkIfParsablePython,{'file': ''},[Errno 2] No such file or directory: '',2024-12-05 22:30:08
str.join,"{'list': [None, 123, '!Lg+#', '(lf~9', 'wZc)u'], 'separator': '-'}","sequence item 0: expected str instance, NoneType found",2024-12-05 22:30:08
checkIfParsablePython,{'file': 'invalid_script.py'},"'(' was never closed (<unknown>, line 1)",2024-12-05 22:30:08
checkIfParsablePython,{'file': 'non_existent_file.py'},[Errno 2] No such file or directory: 'non_existent_file.py',2024-12-05 22:30:08
checkIfParsablePython,{'file': None},"expected str, bytes or os.PathLike object, not NoneType",2024-12-05 22:30:08
checkIfParsablePython,{'file': ''},[Errno 2] No such file or directory: '',2024-12-05 22:30:08
str.join,"{'list': [123, None, None, None, 123], 'separator': '-'}","sequence item 0: expected str instance, int found",2024-12-05 22:30:08
dict.update,"{'dict': {'H]|ay': 79, '{AGy;': 21, 'qPLOb': 28, 'jE>DK': 56, 'lL,[-': 86}, 'updates': None}",'NoneType' object is not iterable,2024-12-05 22:30:08
float,{'input': None},"float() argument must be a string or a real number, not 'NoneType'",2024-12-05 22:30:08
checkIfParsablePython,{'file': 'invalid_script.py'},"'(' was never closed (<unknown>, line 1)",2024-12-05 22:30:08
checkIfParsablePython,{'file': 'non_existent_file.py'},[Errno 2] No such file or directory: 'non_existent_file.py',2024-12-05 22:30:08
checkIfParsablePython,{'file': None},"expected str, bytes or os.PathLike object, not NoneType",2024-12-05 22:30:08
checkIfParsablePython,{'file': ''},[Errno 2] No such file or directory: '',2024-12-05 22:30:08
str.join,"{'list': ['#""`_i', '+qgo>', None, None, 123], 'separator': None}",'NoneType' object has no attribute 'join',2024-12-05 22:30:08
list.pop,"{'list': [31, 49, 24], 'index': 4}",pop index out of range,2024-12-05 22:30:08
float,{'input': '^!rH&81&..'},could not convert string to float: '^!rH&81&..',2024-12-05 22:30:08
checkIfParsablePython,{'file': 'invalid_script.py'},"'(' was never closed (<unknown>, line 1)",2024-12-05 22:30:08
checkIfParsablePython,{'file': 'non_existent_file.py'},[Errno 2] No such file or directory: 'non_existent_file.py',2024-12-05 22:30:08
checkIfParsablePython,{'file': None},"expected str, bytes or os.PathLike object, not NoneType",2024-12-05 22:30:08
checkIfParsablePython,{'file': ''},[Errno 2] No such file or directory: '',2024-12-05 22:30:08
str.join,"{'list': ['dh@E(', 'y%Y8L', 123, None, 123], 'separator': ' '}","sequence item 2: expected str instance, int found",2024-12-05 22:30:08
list.pop,"{'list': [100, 53, 36, 93, 4], 'index': 5}",pop index out of range,2024-12-05 22:30:08
float,{'input': None},"float() argument must be a string or a real number, not 'NoneType'",2024-12-05 22:30:08
checkIfParsablePython,{'file': 'invalid_script.py'},"'(' was never closed (<unknown>, line 1)",2024-12-05 22:30:08
checkIfParsablePython,{'file': 'non_existent_file.py'},[Errno 2] No such file or directory: 'non_existent_file.py',2024-12-05 22:30:08
checkIfParsablePython,{'file': None},"expected str, bytes or os.PathLike object, not NoneType",2024-12-05 22:30:08
checkIfParsablePython,{'file': ''},[Errno 2] No such file or directory: '',2024-12-05 22:30:08
str.join,"{'list': ['9x:tZ', ""{,$''"", ""2C<'i"", 'OS(nz', 123], 'separator': None}",'NoneType' object has no attribute 'join',2024-12-05 22:30:08
list.pop,"{'list': [100, 21, 44, 66, 2, 30], 'index': 7}",pop index out of range,2024-12-05 22:30:08
float,{'input': 'ajM`Q4A`~I'},could not convert string to float: 'ajM`Q4A`~I',2024-12-05 22:30:08
checkIfParsablePython,{'file': 'invalid_script.py'},"'(' was never closed (<unknown>, line 1)",2024-12-05 22:30:08
checkIfParsablePython,{'file': 'non_existent_file.py'},[Errno 2] No such file or directory: 'non_existent_file.py',2024-12-05 22:30:08
checkIfParsablePython,{'file': None},"expected str, bytes or os.PathLike object, not NoneType",2024-12-05 22:30:08
checkIfParsablePython,{'file': ''},[Errno 2] No such file or directory: '',2024-12-05 22:30:08
str.join,"{'list': [None, '`05hi', 123, None, None], 'separator': ' '}","sequence item 0: expected str instance, NoneType found",2024-12-05 22:30:08
checkIfParsablePython,{'file': 'invalid_script.py'},"'(' was never closed (<unknown>, line 1)",2024-12-05 22:30:08
checkIfParsablePython,{'file': 'non_existent_file.py'},[Errno 2] No such file or directory: 'non_existent_file.py',2024-12-05 22:30:08
checkIfParsablePython,{'file': None},"expected str, bytes or os.PathLike object, not NoneType",2024-12-05 22:30:08
checkIfParsablePython,{'file': ''},[Errno 2] No such file or directory: '',2024-12-05 22:30:08
str.join,"{'list': [123, 123, '8tms4', 'hpFCb', None], 'separator': None}",'NoneType' object has no attribute 'join',2024-12-05 22:30:08
list.pop,"{'list': [90, 33, 40, 90, 22, 27, 84, 18, 74, 86], 'index': None}",'NoneType' object cannot be interpreted as an integer,2024-12-05 22:30:08
float,{'input': None},"float() argument must be a string or a real number, not 'NoneType'",2024-12-05 22:30:08
checkIfParsablePython,{'file': 'invalid_script.py'},"'(' was never closed (<unknown>, line 1)",2024-12-05 22:30:08
checkIfParsablePython,{'file': 'non_existent_file.py'},[Errno 2] No such file or directory: 'non_existent_file.py',2024-12-05 22:30:08
checkIfParsablePython,{'file': None},"expected str, bytes or os.PathLike object, not NoneType",2024-12-05 22:30:08
checkIfParsablePython,{'file': ''},[Errno 2] No such file or directory: '',2024-12-05 22:30:08
str.join,"{'list': [123, 123, '*+>ZM', '?lboy', None], 'separator': '-'}","sequence item 0: expected str instance, int found",2024-12-05 22:30:08
list.pop,"{'list': [33], 'index': -4}",pop index out of range,2024-12-05 22:30:08
checkIfParsablePython,{'file': 'invalid_script.py'},"'(' was never closed (<unknown>, line 1)",2024-12-05 22:30:08
checkIfParsablePython,{'file': 'non_existent_file.py'},[Errno 2] No such file or directory: 'non_existent_file.py',2024-12-05 22:30:08
checkIfParsablePython,{'file': None},"expected str, bytes or os.PathLike object, not NoneType",2024-12-05 22:30:08
checkIfParsablePython,{'file': ''},[Errno 2] No such file or directory: '',2024-12-05 22:30:08
str.join,"{'list': [123, 123, None, 123, None], 'separator': '-'}","sequence item 0: expected str instance, int found",2024-12-05 22:30:08
list.pop,"{'list': [51, 91, 5, 10, 37], 'index': None}",'NoneType' object cannot be interpreted as an integer,2024-12-05 22:30:08
checkIfParsablePython,{'file': 'invalid_script.py'},"'(' was never closed (<unknown>, line 1)",2024-12-05 22:30:08
checkIfParsablePython,{'file': 'non_existent_file.py'},[Errno 2] No such file or directory: 'non_existent_file.py',2024-12-05 22:30:08
checkIfParsablePython,{'file': None},"expected str, bytes or os.PathLike object, not NoneType",2024-12-05 22:30:08
checkIfParsablePython,{'file': ''},[Errno 2] No such file or directory: '',2024-12-05 22:30:08
str.join,"{'list': [123, None, 'AP6IF', None, None], 'separator': None}",'NoneType' object has no attribute 'join',2024-12-05 22:30:08
list.pop,"{'list': [59, 95, 73], 'index': 7}",pop index out of range,2024-12-05 22:30:08
checkIfParsablePython,{'file': 'invalid_script.py'},"'(' was never closed (<unknown>, line 1)",2024-12-05 22:30:08
checkIfParsablePython,{'file': 'non_existent_file.py'},[Errno 2] No such file or directory: 'non_existent_file.py',2024-12-05 22:30:08
checkIfParsablePython,{'file': None},"expected str, bytes or os.PathLike object, not NoneType",2024-12-05 22:30:08
checkIfParsablePython,{'file': ''},[Errno 2] No such file or directory: '',2024-12-05 22:30:08
str.join,"{'list': ['%z57W', ')Vd@[', None, ';%<Ze', None], 'separator': '-'}","sequence item 2: expected str instance, NoneType found",2024-12-05 22:30:08
list.pop,"{'list': [99], 'index': None}",'NoneType' object cannot be interpreted as an integer,2024-12-05 22:30:08
checkIfParsablePython,{'file': 'invalid_script.py'},"'(' was never closed (<unknown>, line 1)",2024-12-05 22:30:08
checkIfParsablePython,{'file': 'non_existent_file.py'},[Errno 2] No such file or directory: 'non_existent_file.py',2024-12-05 22:30:08
checkIfParsablePython,{'file': None},"expected str, bytes or os.PathLike object, not NoneType",2024-12-05 22:30:08
checkIfParsablePython,{'file': ''},[Errno 2] No such file or directory: '',2024-12-05 22:30:08
str.join,"{'list': [';*z-f', 123, None, None, '!=b=#'], 'separator': '-'}","sequence item 1: expected str instance, int found",2024-12-05 22:30:08
list.pop,"{'list': [37], 'index': 2}",pop index out of range,2024-12-05 22:30:08
checkIfParsablePython,{'file': 'invalid_script.py'},"'(' was never closed (<unknown>, line 1)",2024-12-05 22:30:08
checkIfParsablePython,{'file': 'non_existent_file.py'},[Errno 2] No such file or directory: 'non_existent_file.py',2024-12-05 22:30:08
checkIfParsablePython,{'file': None},"expected str, bytes or os.PathLike object, not NoneType",2024-12-05 22:30:08
checkIfParsablePython,{'file': ''},[Errno 2] No such file or directory: '',2024-12-05 22:30:08
str.join,"{'list': [None, 123, 123, None, ')CY"":'], 'separator': None}",'NoneType' object has no attribute 'join',2024-12-05 22:30:08
list.pop,"{'list': [30], 'index': None}",'NoneType' object cannot be interpreted as an integer,2024-12-05 22:30:08
checkIfParsablePython,{'file': 'invalid_script.py'},"'(' was never closed (<unknown>, line 1)",2024-12-05 22:30:08
checkIfParsablePython,{'file': 'non_existent_file.py'},[Errno 2] No such file or directory: 'non_existent_file.py',2024-12-05 22:30:08
checkIfParsablePython,{'file': None},"expected str, bytes or os.PathLike object, not NoneType",2024-12-05 22:30:08
checkIfParsablePython,{'file': ''},[Errno 2] No such file or directory: '',2024-12-05 22:30:08
str.join,"{'list': [123, 'u-_,Q', 'P|A%6', 'NFaqk', ""'+-l0""], 'separator': None}",'NoneType' object has no attribute 'join',2024-12-05 22:30:08
list.pop,"{'list': [40, 67], 'index': None}",'NoneType' object cannot be interpreted as an integer,2024-12-05 22:30:08
dict.update,"{'dict': {'B""a/-': 36, 'zI]""k': 88, 'g?mCm': 54, 'Ocoem': 59, '{s""5)': 23}, 'updates': None}",'NoneType' object is not iterable,2024-12-05 22:30:08
float,{'input': None},"float() argument must be a string or a real number, not 'NoneType'",2024-12-05 22:30:08
checkIfParsablePython,{'file': 'invalid_script.py'},"'(' was never closed (<unknown>, line 1)",2024-12-05 22:30:08
checkIfParsablePython,{'file': 'non_existent_file.py'},[Errno 2] No such file or directory: 'non_existent_file.py',2024-12-05 22:30:08
checkIfParsablePython,{'file': None},"expected str, bytes or os.PathLike object, not NoneType",2024-12-05 22:30:08
checkIfParsablePython,{'file': ''},[Errno 2] No such file or directory: '',2024-12-05 22:30:08
str.join,"{'list': [None, 'QI6+=', 123, '|WPMb', None], 'separator': ' '}","sequence item 0: expected str instance, NoneType found",2024-12-05 22:30:08
list.pop,"{'list': [28, 65, 53, 74, 97, 57, 12, 5, 14], 'index': None}",'NoneType' object cannot be interpreted as an integer,2024-12-05 22:30:08
dict.update,"{'dict': {""yV>'V"": 24, 'e?>.<': 38, "">'E`O"": 74, 'ujsU0': 22, '@ny9O': 50}, 'updates': None}",'NoneType' object is not iterable,2024-12-05 22:30:08
float,{'input': None},"float() argument must be a string or a real number, not 'NoneType'",2024-12-05 22:30:08
checkIfParsablePython,{'file': 'invalid_script.py'},"'(' was never closed (<unknown>, line 1)",2024-12-05 22:30:08
checkIfParsablePython,{'file': 'non_existent_file.py'},[Errno 2] No such file or directory: 'non_existent_file.py',2024-12-05 22:30:08
checkIfParsablePython,{'file': None},"expected str, bytes or os.PathLike object, not NoneType",2024-12-05 22:30:08
checkIfParsablePython,{'file': ''},[Errno 2] No such file or directory: '',2024-12-05 22:30:08
str.join,"{'list': [123, None, 'Ctbn)', None, 123], 'separator': ' '}","sequence item 0: expected str instance, int found",2024-12-05 22:30:08
list.pop,"{'list': [63], 'index': None}",'NoneType' object cannot be interpreted as an integer,2024-12-05 22:30:08
dict.update,"{'dict': {'9u&Ax': 8, 'dOH]*': 60, '].nJ0': 93, 'W[T#y': 49, 'F&@a9': 32}, 'updates': None}",'NoneType' object is not iterable,2024-12-05 22:30:08
checkIfParsablePython,{'file': 'invalid_script.py'},"'(' was never closed (<unknown>, line 1)",2024-12-05 22:30:08
checkIfParsablePython,{'file': 'non_existent_file.py'},[Errno 2] No such file or directory: 'non_existent_file.py',2024-12-05 22:30:08
checkIfParsablePython,{'file': None},"expected str, bytes or os.PathLike object, not NoneType",2024-12-05 22:30:08
checkIfParsablePython,{'file': ''},[Errno 2] No such file or directory: '',2024-12-05 22:30:08
str.join,"{'list': [None, None, 'OLrl,', 123, 'QUFd|'], 'separator': None}",'NoneType' object has no attribute 'join',2024-12-05 22:30:08
list.pop,"{'list': [22, 36, 50], 'index': None}",'NoneType' object cannot be interpreted as an integer,2024-12-05 22:30:08
float,{'input': None},"float() argument must be a string or a real number, not 'NoneType'",2024-12-05 22:30:08
checkIfParsablePython,{'file': 'invalid_script.py'},"'(' was never closed (<unknown>, line 1)",2024-12-05 22:30:08
checkIfParsablePython,{'file': 'non_existent_file.py'},[Errno 2] No such file or directory: 'non_existent_file.py',2024-12-05 22:30:08
checkIfParsablePython,{'file': None},"expected str, bytes or os.PathLike object, not NoneType",2024-12-05 22:30:08
checkIfParsablePython,{'file': ''},[Errno 2] No such file or directory: '',2024-12-05 22:30:08
str.join,"{'list': [123, 'v8R1_', '9`cci', None, 123], 'separator': None}",'NoneType' object has no attribute 'join',2024-12-05 22:30:08
list.pop,"{'list': [5, 34, 49, 23, 44, 89, 78, 63, 74, 99], 'index': None}",'NoneType' object cannot be interpreted as an integer,2024-12-05 22:30:08
checkIfParsablePython,{'file': 'invalid_script.py'},"'(' was never closed (<unknown>, line 1)",2024-12-05 22:30:08
checkIfParsablePython,{'file': 'non_existent_file.py'},[Errno 2] No such file or directory: 'non_existent_file.py',2024-12-05 22:30:08
checkIfParsablePython,{'file': None},"expected str, bytes or os.PathLike object, not NoneType",2024-12-05 22:30:08
checkIfParsablePython,{'file': ''},[Errno 2] No such file or directory: '',2024-12-05 22:30:08
str.join,"{'list': [None, ""'T/~/"", None, None, '05S*u'], 'separator': ' '}","sequence item 0: expected str instance, NoneType found",2024-12-05 22:30:08
float,{'input': None},"float() argument must be a string or a real number, not 'NoneType'",2024-12-05 22:30:08
checkIfParsablePython,{'file': 'invalid_script.py'},"'(' was never closed (<unknown>, line 1)",2024-12-05 22:30:08
checkIfParsablePython,{'file': 'non_existent_file.py'},[Errno 2] No such file or directory: 'non_existent_file.py',2024-12-05 22:30:08
checkIfParsablePython,{'file': None},"expected str, bytes or os.PathLike object, not NoneType",2024-12-05 22:30:08
checkIfParsablePython,{'file': ''},[Errno 2] No such file or directory: '',2024-12-05 22:30:08
str.join,"{'list': [None, None, 'BUM;!', 123, 'QDx-2'], 'separator': None}",'NoneType' object has no attribute 'join',2024-12-05 22:30:08
list.pop,"{'list': [3], 'index': None}",'NoneType' object cannot be interpreted as an integer,2024-12-05 22:30:08
dict.update,"{'dict': {'ru}wi': 28, 'RQ(j#': 37, '<L#CT': 76, '|/@kw': 41, 'pj-sd': 25}, 'updates': None}",'NoneType' object is not iterable,2024-12-05 22:30:08
checkIfParsablePython,{'file': 'invalid_script.py'},"'(' was never closed (<unknown>, line 1)",2024-12-05 22:30:08
checkIfParsablePython,{'file': 'non_existent_file.py'},[Errno 2] No such file or directory: 'non_existent_file.py',2024-12-05 22:30:08
checkIfParsablePython,{'file': None},"expected str, bytes or os.PathLike object, not NoneType",2024-12-05 22:30:08
checkIfParsablePython,{'file': ''},[Errno 2] No such file or directory: '',2024-12-05 22:30:08
str.join,"{'list': [123, None, ""'~kMb"", None, 123], 'separator': '-'}","sequence item 0: expected str instance, int found",2024-12-05 22:30:08
dict.update,"{'dict': {'\\tUvc': 48, ""v'\\62"": 75, '~WN16': 74, 'I=]}A': 35, 'D)Tj\\': 4}, 'updates': None}",'NoneType' object is not iterable,2024-12-05 22:30:08
checkIfParsablePython,{'file': 'invalid_script.py'},"'(' was never closed (<unknown>, line 1)",2024-12-05 22:30:08
checkIfParsablePython,{'file': 'non_existent_file.py'},[Errno 2] No such file or directory: 'non_existent_file.py',2024-12-05 22:30:08
checkIfParsablePython,{'file': None},"expected str, bytes or os.PathLike object, not NoneType",2024-12-05 22:30:08
checkIfParsablePython,{'file': ''},[Errno 2] No such file or directory: '',2024-12-05 22:30:08
str.join,"{'list': [None, 123, 'l_Jvx', 'f1S{c', None], 'separator': ' '}","sequence item 0: expected str instance, NoneType found",2024-12-05 22:30:08
list.pop,"{'list': [11, 1, 9, 33, 78, 66, 93, 95, 78, 4], 'index': None}",'NoneType' object cannot be interpreted as an integer,2024-12-05 22:30:08
dict.update,"{'dict': {'R^+gh': 42, 'J`b6N': 7, 's/m|v': 68, '08>R$': 68, 'kkG&V': 77}, 'updates': None}",'NoneType' object is not iterable,2024-12-05 22:30:08
checkIfParsablePython,{'file': 'invalid_script.py'},"'(' was never closed (<unknown>, line 1)",2024-12-05 22:30:08
checkIfParsablePython,{'file': 'non_existent_file.py'},[Errno 2] No such file or directory: 'non_existent_file.py',2024-12-05 22:30:08
checkIfParsablePython,{'file': None},"expected str, bytes or os.PathLike object, not NoneType",2024-12-05 22:30:08
checkIfParsablePython,{'file': ''},[Errno 2] No such file or directory: '',2024-12-05 22:30:08
str.join,"{'list': [123, None, 'XgXHq', 123, '-#\\v*'], 'separator': ' '}","sequence item 0: expected str instance, int found",2024-12-05 22:30:08
dict.update,"{'dict': {'=EYvV': 38, '@~%u`': 79, '(s@06': 81, 'F6g=r': 19, '<193)': 26}, 'updates': None}",'NoneType' object is not iterable,2024-12-05 22:30:08
checkIfParsablePython,{'file': 'invalid_script.py'},"'(' was never closed (<unknown>, line 1)",2024-12-05 22:30:08
checkIfParsablePython,{'file': 'non_existent_file.py'},[Errno 2] No such file or directory: 'non_existent_file.py',2024-12-05 22:30:08
checkIfParsablePython,{'file': None},"expected str, bytes or os.PathLike object, not NoneType",2024-12-05 22:30:08
checkIfParsablePython,{'file': ''},[Errno 2] No such file or directory: '',2024-12-05 22:30:08
str.join,"{'list': [None, None, 'rtG<:', 123, None], 'separator': None}",'NoneType' object has no attribute 'join',2024-12-05 22:30:08
float,{'input': None},"float() argument must be a string or a real number, not 'NoneType'",2024-12-05 22:30:08
checkIfParsablePython,{'file': 'invalid_script.py'},"'(' was never closed (<unknown>, line 1)",2024-12-05 22:30:08
checkIfParsablePython,{'file': 'non_existent_file.py'},[Errno 2] No such file or directory: 'non_existent_file.py',2024-12-05 22:30:08
checkIfParsablePython,{'file': None},"expected str, bytes or os.PathLike object, not NoneType",2024-12-05 22:30:08
checkIfParsablePython,{'file': ''},[Errno 2] No such file or directory: '',2024-12-05 22:30:08
str.join,"{'list': [None, None, 123, None, 123], 'separator': '-'}","sequence item 0: expected str instance, NoneType found",2024-12-05 22:30:08
list.pop,"{'list': [84, 36], 'index': 5}",pop index out of range,2024-12-05 22:30:08
checkIfParsablePython,{'file': 'invalid_script.py'},"'(' was never closed (<unknown>, line 1)",2024-12-05 22:30:08
checkIfParsablePython,{'file': 'non_existent_file.py'},[Errno 2] No such file or directory: 'non_existent_file.py',2024-12-05 22:30:08
checkIfParsablePython,{'file': None},"expected str, bytes or os.PathLike object, not NoneType",2024-12-05 22:30:08
checkIfParsablePython,{'file': ''},[Errno 2] No such file or directory: '',2024-12-05 22:30:08
str.join,"{'list': [None, '$p2gw', 'Ld#nq', None, 123], 'separator': None}",'NoneType' object has no attribute 'join',2024-12-05 22:30:08
list.pop,"{'list': [18], 'index': None}",'NoneType' object cannot be interpreted as an integer,2024-12-05 22:30:08
dict.update,"{'dict': {'(B7yP': 66, 'D=CP;': 56, ""eJj'Z"": 32, 'o1X;k': 42, 'K#<[M': 17}, 'updates': None}",'NoneType' object is not iterable,2024-12-05 22:30:08
float,{'input': None},"float() argument must be a string or a real number, not 'NoneType'",2024-12-05 22:30:08
checkIfParsablePython,{'file': 'invalid_script.py'},"'(' was never closed (<unknown>, line 1)",2024-12-05 22:30:08
checkIfParsablePython,{'file': 'non_existent_file.py'},[Errno 2] No such file or directory: 'non_existent_file.py',2024-12-05 22:30:08
checkIfParsablePython,{'file': None},"expected str, bytes or os.PathLike object, not NoneType",2024-12-05 22:30:08
checkIfParsablePython,{'file': ''},[Errno 2] No such file or directory: '',2024-12-05 22:30:08
str.join,"{'list': ['6ahst', 123, 'k]d@B', 123, 123], 'separator': ' '}","sequence item 1: expected str instance, int found",2024-12-05 22:30:08
list.pop,"{'list': [29, 58, 43, 74], 'index': 10}",pop index out of range,2024-12-05 22:30:08
dict.update,"{'dict': {""O|sT'"": 39, ']?&an': 27, ""v%'sT"": 90, '{c[Y$': 65, 'NPJZK': 66}, 'updates': None}",'NoneType' object is not iterable,2024-12-05 22:30:08
float,{'input': None},"float() argument must be a string or a real number, not 'NoneType'",2024-12-05 22:30:08
checkIfParsablePython,{'file': 'invalid_script.py'},"'(' was never closed (<unknown>, line 1)",2024-12-05 22:30:08
checkIfParsablePython,{'file': 'non_existent_file.py'},[Errno 2] No such file or directory: 'non_existent_file.py',2024-12-05 22:30:08
checkIfParsablePython,{'file': None},"expected str, bytes or os.PathLike object, not NoneType",2024-12-05 22:30:08
checkIfParsablePython,{'file': ''},[Errno 2] No such file or directory: '',2024-12-05 22:30:08
str.join,"{'list': [123, '7jT3B', 123, ""',of("", '0{@&H'], 'separator': '-'}","sequence item 0: expected str instance, int found",2024-12-05 22:30:08
dict.update,"{'dict': {'""q8R,': 98, 'a#QMg': 90, '_jk%$': 79, 'dWQ;#': 9, '%%X.3': 95}, 'updates': None}",'NoneType' object is not iterable,2024-12-05 22:30:08
float,"{'input': 'e+""/26rN#['}","could not convert string to float: 'e+""/26rN#['",2024-12-05 22:30:08
checkIfParsablePython,{'file': 'invalid_script.py'},"'(' was never closed (<unknown>, line 1)",2024-12-05 22:30:08
checkIfParsablePython,{'file': 'non_existent_file.py'},[Errno 2] No such file or directory: 'non_existent_file.py',2024-12-05 22:30:08
checkIfParsablePython,{'file': None},"expected str, bytes or os.PathLike object, not NoneType",2024-12-05 22:30:08
checkIfParsablePython,{'file': ''},[Errno 2] No such file or directory: '',2024-12-05 22:30:08
str.join,"{'list': [None, 123, 123, '|Ky1o', None], 'separator': None}",'NoneType' object has no attribute 'join',2024-12-05 22:30:08
dict.update,"{'dict': {'65P9=': 74, 'pPic,': 15, 'J],YZ': 28, 'nzRu/': 21, '},=RV': 48}, 'updates': None}",'NoneType' object is not iterable,2024-12-05 22:30:08
float,{'input': 'J[5%[@H+u)'},could not convert string to float: 'J[5%[@H+u)',2024-12-05 22:30:08
checkIfParsablePython,{'file': 'invalid_script.py'},"'(' was never closed (<unknown>, line 1)",2024-12-05 22:30:08
checkIfParsablePython,{'file': 'non_existent_file.py'},[Errno 2] No such file or directory: 'non_existent_file.py',2024-12-05 22:30:08
checkIfParsablePython,{'file': None},"expected str, bytes or os.PathLike object, not NoneType",2024-12-05 22:30:08
checkIfParsablePython,{'file': ''},[Errno 2] No such file or directory: '',2024-12-05 22:30:08
str.join,"{'list': [None, 123, 123, 123, 123], 'separator': ' '}","sequence item 0: expected str instance, NoneType found",2024-12-05 22:30:08
float,{'input': None},"float() argument must be a string or a real number, not 'NoneType'",2024-12-05 22:30:08
checkIfParsablePython,{'file': 'invalid_script.py'},"'(' was never closed (<unknown>, line 1)",2024-12-05 22:30:08
checkIfParsablePython,{'file': 'non_existent_file.py'},[Errno 2] No such file or directory: 'non_existent_file.py',2024-12-05 22:30:08
checkIfParsablePython,{'file': None},"expected str, bytes or os.PathLike object, not NoneType",2024-12-05 22:30:08
checkIfParsablePython,{'file': ''},[Errno 2] No such file or directory: '',2024-12-05 22:30:08
str.join,"{'list': [None, 123, None, None, None], 'separator': None}",'NoneType' object has no attribute 'join',2024-12-05 22:30:08
list.pop,"{'list': [10, 9, 85, 39, 82, 89, 40, 33], 'index': None}",'NoneType' object cannot be interpreted as an integer,2024-12-05 22:30:08
checkIfParsablePython,{'file': 'invalid_script.py'},"'(' was never closed (<unknown>, line 1)",2024-12-05 22:30:08
checkIfParsablePython,{'file': 'non_existent_file.py'},[Errno 2] No such file or directory: 'non_existent_file.py',2024-12-05 22:30:08
checkIfParsablePython,{'file': None},"expected str, bytes or os.PathLike object, not NoneType",2024-12-05 22:30:08
checkIfParsablePython,{'file': ''},[Errno 2] No such file or directory: '',2024-12-05 22:30:08
str.join,"{'list': [None, 123, 'xv=f-', None, 123], 'separator': None}",'NoneType' object has no attribute 'join',2024-12-05 22:30:08
list.pop,"{'list': [87, 5, 50], 'index': 10}",pop index out of range,2024-12-05 22:30:08
dict.update,"{'dict': {'M)4t*': 98, ""l'ck/"": 79, 'a>%l\\': 11, 'LEPB7': 20, '-ItnF': 37}, 'updates': None}",'NoneType' object is not iterable,2024-12-05 22:30:08
checkIfParsablePython,{'file': 'invalid_script.py'},"'(' was never closed (<unknown>, line 1)",2024-12-05 22:30:08
checkIfParsablePython,{'file': 'non_existent_file.py'},[Errno 2] No such file or directory: 'non_existent_file.py',2024-12-05 22:30:08
checkIfParsablePython,{'file': None},"expected str, bytes or os.PathLike object, not NoneType",2024-12-05 22:30:08
checkIfParsablePython,{'file': ''},[Errno 2] No such file or directory: '',2024-12-05 22:30:08
str.join,"{'list': [None, 123, None, None, '""J&0^'], 'separator': None}",'NoneType' object has no attribute 'join',2024-12-05 22:30:08
float,{'input': 'rA3H.x/nm<'},could not convert string to float: 'rA3H.x/nm<',2024-12-05 22:30:08
checkIfParsablePython,{'file': 'invalid_script.py'},"'(' was never closed (<unknown>, line 1)",2024-12-05 22:30:08
checkIfParsablePython,{'file': 'non_existent_file.py'},[Errno 2] No such file or directory: 'non_existent_file.py',2024-12-05 22:30:08
checkIfParsablePython,{'file': None},"expected str, bytes or os.PathLike object, not NoneType",2024-12-05 22:30:08
checkIfParsablePython,{'file': ''},[Errno 2] No such file or directory: '',2024-12-05 22:30:08
str.join,"{'list': ['+q}E}', 123, None, None, '7D;&o'], 'separator': ' '}","sequence item 1: expected str instance, int found",2024-12-05 22:30:08
list.pop,"{'list': [18, 2, 4, 10, 51, 29], 'index': None}",'NoneType' object cannot be interpreted as an integer,2024-12-05 22:30:08
dict.update,"{'dict': {'rvQy+': 14, 'pWX8j': 44, '/<[U[': 79, 'eKO^B': 11, 'QhB.(': 48}, 'updates': None}",'NoneType' object is not iterable,2024-12-05 22:30:08
float,{'input': 'fA0l>AcCaj'},could not convert string to float: 'fA0l>AcCaj',2024-12-05 22:30:08
checkIfParsablePython,{'file': 'invalid_script.py'},"'(' was never closed (<unknown>, line 1)",2024-12-05 22:30:08
checkIfParsablePython,{'file': 'non_existent_file.py'},[Errno 2] No such file or directory: 'non_existent_file.py',2024-12-05 22:30:08
checkIfParsablePython,{'file': None},"expected str, bytes or os.PathLike object, not NoneType",2024-12-05 22:30:08
checkIfParsablePython,{'file': ''},[Errno 2] No such file or directory: '',2024-12-05 22:30:08
str.join,"{'list': [123, 'vJ#dl', '^s:&*', None, 123], 'separator': ' '}","sequence item 0: expected str instance, int found",2024-12-05 22:30:08
list.pop,"{'list': [15], 'index': None}",'NoneType' object cannot be interpreted as an integer,2024-12-05 22:30:08
checkIfParsablePython,{'file': 'invalid_script.py'},"'(' was never closed (<unknown>, line 1)",2024-12-05 22:30:08
checkIfParsablePython,{'file': 'non_existent_file.py'},[Errno 2] No such file or directory: 'non_existent_file.py',2024-12-05 22:30:08
checkIfParsablePython,{'file': None},"expected str, bytes or os.PathLike object, not NoneType",2024-12-05 22:30:08
checkIfParsablePython,{'file': ''},[Errno 2] No such file or directory: '',2024-12-05 22:30:08
str.join,"{'list': [123, 123, 123, '`:n(:', 'X?1~C'], 'separator': ' '}","sequence item 0: expected str instance, int found",2024-12-05 22:30:08
list.pop,"{'list': [0, 26, 71, 81, 20, 76, 99], 'index': None}",'NoneType' object cannot be interpreted as an integer,2024-12-05 22:30:08
float,{'input': None},"float() argument must be a string or a real number, not 'NoneType'",2024-12-05 22:30:08
checkIfParsablePython,{'file': 'invalid_script.py'},"'(' was never closed (<unknown>, line 1)",2024-12-05 22:30:08
checkIfParsablePython,{'file': 'non_existent_file.py'},[Errno 2] No such file or directory: 'non_existent_file.py',2024-12-05 22:30:08
checkIfParsablePython,{'file': None},"expected str, bytes or os.PathLike object, not NoneType",2024-12-05 22:30:08
checkIfParsablePython,{'file': ''},[Errno 2] No such file or directory: '',2024-12-05 22:30:08
str.join,"{'list': [123, 123, None, 123, 123], 'separator': '-'}","sequence item 0: expected str instance, int found",2024-12-05 22:30:08
list.pop,"{'list': [60, 23, 42], 'index': 4}",pop index out of range,2024-12-05 22:30:08
checkIfParsablePython,{'file': 'invalid_script.py'},"'(' was never closed (<unknown>, line 1)",2024-12-05 22:30:08
checkIfParsablePython,{'file': 'non_existent_file.py'},[Errno 2] No such file or directory: 'non_existent_file.py',2024-12-05 22:30:08
checkIfParsablePython,{'file': None},"expected str, bytes or os.PathLike object, not NoneType",2024-12-05 22:30:08
checkIfParsablePython,{'file': ''},[Errno 2] No such file or directory: '',2024-12-05 22:30:08
str.join,"{'list': ['Y=Z{@', None, 123, '}JKV-', 'N[;E)'], 'separator': ' '}","sequence item 1: expected str instance, NoneType found",2024-12-05 22:30:08
list.pop,"{'list': [29, 38, 39, 45, 29], 'index': None}",'NoneType' object cannot be interpreted as an integer,2024-12-05 22:30:08
float,{'input': 'eHl2c:@9gv'},could not convert string to float: 'eHl2c:@9gv',2024-12-05 22:30:08
checkIfParsablePython,{'file': 'invalid_script.py'},"'(' was never closed (<unknown>, line 1)",2024-12-05 22:30:08
checkIfParsablePython,{'file': 'non_existent_file.py'},[Errno 2] No such file or directory: 'non_existent_file.py',2024-12-05 22:30:08
checkIfParsablePython,{'file': None},"expected str, bytes or os.PathLike object, not NoneType",2024-12-05 22:30:08
checkIfParsablePython,{'file': ''},[Errno 2] No such file or directory: '',2024-12-05 22:30:08
str.join,"{'list': [123, 123, None, 123, ')5:-m'], 'separator': None}",'NoneType' object has no attribute 'join',2024-12-05 22:30:08
list.pop,"{'list': [30, 23, 37, 34], 'index': None}",'NoneType' object cannot be interpreted as an integer,2024-12-05 22:30:08
checkIfParsablePython,{'file': 'invalid_script.py'},"'(' was never closed (<unknown>, line 1)",2024-12-05 22:30:08
checkIfParsablePython,{'file': 'non_existent_file.py'},[Errno 2] No such file or directory: 'non_existent_file.py',2024-12-05 22:30:08
checkIfParsablePython,{'file': None},"expected str, bytes or os.PathLike object, not NoneType",2024-12-05 22:30:08
checkIfParsablePython,{'file': ''},[Errno 2] No such file or directory: '',2024-12-05 22:30:08
str.join,"{'list': [None, 123, 123, 123, 'K$k!k'], 'separator': ' '}","sequence item 0: expected str instance, NoneType found",2024-12-05 22:30:08
list.pop,"{'list': [65, 59, 86, 89, 38, 77, 95], 'index': 10}",pop index out of range,2024-12-05 22:30:08
checkIfParsablePython,{'file': 'invalid_script.py'},"'(' was never closed (<unknown>, line 1)",2024-12-05 22:30:08
checkIfParsablePython,{'file': 'non_existent_file.py'},[Errno 2] No such file or directory: 'non_existent_file.py',2024-12-05 22:30:08
checkIfParsablePython,{'file': None},"expected str, bytes or os.PathLike object, not NoneType",2024-12-05 22:30:08
checkIfParsablePython,{'file': ''},[Errno 2] No such file or directory: '',2024-12-05 22:30:08
str.join,"{'list': [123, 123, '6zPt{', None, 123], 'separator': '-'}","sequence item 0: expected str instance, int found",2024-12-05 22:30:08
list.pop,"{'list': [], 'index': -4}",pop from empty list,2024-12-05 22:30:08
checkIfParsablePython,{'file': 'invalid_script.py'},"'(' was never closed (<unknown>, line 1)",2024-12-05 22:30:08
checkIfParsablePython,{'file': 'non_existent_file.py'},[Errno 2] No such file or directory: 'non_existent_file.py',2024-12-05 22:30:08
checkIfParsablePython,{'file': None},"expected str, bytes or os.PathLike object, not NoneType",2024-12-05 22:30:08
checkIfParsablePython,{'file': ''},[Errno 2] No such file or directory: '',2024-12-05 22:30:08
str.join,"{'list': [""9'fW>"", 123, 'B9nf]', '-7G_M', None], 'separator': ' '}","sequence item 1: expected str instance, int found",2024-12-05 22:30:08
float,{'input': '\\twH\\)/lIY'},could not convert string to float: '\\twH\\)/lIY',2024-12-05 22:30:08
